{
	"credit": "Made with Blockbench",
	"parent": "block/block",
	"textures": {
		"1": "block/birch_leaves",
		"2": "block/birch_leaves_bushy",
		"3": "block/inv_birch_leaves_16x",
		"4": "block/inv_birch_leaves_32x",
		"particle": "block/birch_leaves"
	},
	"elements": [
		{
			"from": [0, 0, 0],
			"to": [16, 16, 16],
			"faces": {
				"north": {"uv": [0, 0, 16, 16], "texture": "#1", "cullface": "north", "tintindex": 0},
				"east": {"uv": [0, 0, 16, 16], "texture": "#1", "cullface": "east", "tintindex": 0},
				"south": {"uv": [0, 0, 16, 16], "texture": "#1", "cullface": "south", "tintindex": 0},
				"west": {"uv": [0, 0, 16, 16], "texture": "#1", "cullface": "west", "tintindex": 0},
				"up": {"uv": [0, 0, 16, 16], "texture": "#1", "cullface": "up", "tintindex": 0},
				"down": {"uv": [16, 16, 0, 0], "texture": "#1", "cullface": "down", "tintindex": 0}
			}
		},
		{
			"from": [14, -8, -7],
			"to": [14, 24, 25],
			"shade": false,
			"rotation": {"angle": -22.5, "axis": "y", "origin": [14.125, -8, -6.8125]},
			"faces": {
				"east": {"uv": [0, 0, 16, 16], "texture": "#2", "tintindex": 0},
				"west": {"uv": [0, 0, 16, 16], "texture": "#2", "tintindex": 0}
			}
		},
		{
			"from": [14, -8, -7],
			"to": [14, 24, 25],
			"shade": false,
			"rotation": {"angle": -22.5, "axis": "y", "origin": [14.125, -8, -6.8125]},
			"faces": {
				"east": {"uv": [0, 0, 16, 16], "texture": "#4"},
				"west": {"uv": [0, 0, 16, 16], "texture": "#4"}
			}
		},
		{
			"from": [-7, -8, 2],
			"to": [25, 24, 2],
			"shade": false,
			"rotation": {"angle": -22.5, "axis": "y", "origin": [-6.8125, -8, 1.875]},
			"faces": {
				"north": {"uv": [0, 0, 16, 16], "texture": "#2", "tintindex": 0},
				"south": {"uv": [0, 0, 16, 16], "texture": "#2", "tintindex": 0}
			}
		},
		{
			"from": [-7, -8, 2],
			"to": [25, 24, 2],
			"shade": false,
			"rotation": {"angle": -22.5, "axis": "y", "origin": [-6.8125, -8, 1.875]},
			"faces": {
				"north": {"uv": [0, 0, 16, 16], "texture": "#4"},
				"south": {"uv": [0, 0, 16, 16], "texture": "#4"}
			}
		},
		{
			"from": [-0.09, 0.03, -0.09],
			"to": [-0.09, 16.03, 16.09],
			"faces": {
				"east": {"uv": [16, 0, 0, 16], "texture": "#3"},
				"west": {"uv": [0, 0, 16, 16], "texture": "#3"}
			}
		},
		{
			"from": [16.09, 0.03, -0.09],
			"to": [16.09, 16.03, 16.09],
			"faces": {
				"east": {"uv": [0, 0, 16, 16], "texture": "#3"},
				"west": {"uv": [16, 0, 0, 16], "texture": "#3"}
			}
		},
		{
			"from": [-0.09, 0.03, 16.09],
			"to": [16.09, 16.03, 16.09],
			"faces": {
				"north": {"uv": [16, 0, 0, 16], "texture": "#3"},
				"south": {"uv": [0, 0, 16, 16], "texture": "#3"}
			}
		},
		{
			"from": [-0.09, 0.03, -0.09],
			"to": [16.09, 16.03, -0.09],
			"faces": {
				"north": {"uv": [0, 0, 16, 16], "texture": "#3"},
				"south": {"uv": [16, 0, 0, 16], "texture": "#3"}
			}
		}
	],
	"groups": [
		0,
		1,
		2,
		3,
		4,
		{
			"name": "group",
			"origin": [0, 0, 0],
			"color": 0,
			"children": [5, 6, 7, 8]
		}
	]
}