{
	"credit": "Made with Blockbench",
	"ambientocclusion": false,
	"textures": {
		"2": "block/firefly_inv",
		"3": "block/blue_orchid2",
		"particle": "block/blue_orchid2"
	},
	"elements": [
		{
			"from": [0.8, 0, 8],
			"to": [15.2, 16, 8],
			"shade": false,
			"rotation": {"angle": 45, "axis": "y", "origin": [8, 8, 8], "rescale": true},
			"faces": {
				"north": {"uv": [0, 0, 16, 16], "texture": "#3"},
				"south": {"uv": [0, 0, 16, 16], "texture": "#3"}
			}
		},
		{
			"from": [8, 0, 0.8],
			"to": [8, 16, 15.2],
			"shade": false,
			"rotation": {"angle": 45, "axis": "y", "origin": [8, 8, 8], "rescale": true},
			"faces": {
				"east": {"uv": [0, 0, 16, 16], "texture": "#3"},
				"west": {"uv": [0, 0, 16, 16], "texture": "#3"}
			}
		},
		{
			"from": [1, 29.95, 13.2],
			"to": [1.5, 30.45, 13.2],
			"shade": false,
			"rotation": {"angle": -22.5, "axis": "z", "origin": [2, 30.40775, 13.08111]},
			"faces": {
				"north": {"uv": [0, 0, 1, 1], "texture": "#2"},
				"east": {"uv": [0, 0, 0, 1], "texture": "#missing"},
				"south": {"uv": [1, 0, 0, 1], "texture": "#2"},
				"west": {"uv": [0, 0, 0, 1], "texture": "#missing"},
				"up": {"uv": [0, 0, 2, 0], "texture": "#missing"},
				"down": {"uv": [0, 0, 2, 0], "texture": "#missing"}
			}
		},
		{
			"from": [1, 30.17678, 12.95],
			"to": [1.5, 30.17678, 13.45],
			"shade": false,
			"rotation": {"angle": -22.5, "axis": "z", "origin": [2, 30.40775, 13.08111]},
			"faces": {
				"north": {"uv": [0, 0, 2, 0], "rotation": 180, "texture": "#missing"},
				"east": {"uv": [0, 0, 0, 1], "rotation": 270, "texture": "#missing"},
				"south": {"uv": [0, 0, 2, 0], "texture": "#missing"},
				"west": {"uv": [0, 0, 0, 1], "rotation": 90, "texture": "#missing"},
				"up": {"uv": [0, 0, 1, 1], "rotation": 180, "texture": "#2"},
				"down": {"uv": [1, 0, 0, 1], "texture": "#2"}
			}
		},
		{
			"from": [9.5, 17.40775, -5.57322],
			"to": [9.5, 17.90775, -5.07322],
			"shade": false,
			"rotation": {"angle": 45, "axis": "x", "origin": [10, 18.40775, -4.91889]},
			"faces": {
				"north": {"uv": [0, 0, 2, 0], "rotation": 90, "texture": "#missing"},
				"east": {"uv": [2, 1, 1, 2], "rotation": 90, "texture": "#2"},
				"south": {"uv": [0, 0, 2, 0], "rotation": 90, "texture": "#missing"},
				"west": {"uv": [1, 1, 2, 2], "rotation": 270, "texture": "#2"},
				"up": {"uv": [0, 0, 0, 1], "texture": "#missing"},
				"down": {"uv": [0, 0, 0, 1], "rotation": 180, "texture": "#missing"}
			}
		},
		{
			"from": [9.25, 17.40775, -5.35],
			"to": [9.75, 17.90775, -5.35],
			"shade": false,
			"rotation": {"angle": 45, "axis": "x", "origin": [10, 18.40775, -4.91889]},
			"faces": {
				"north": {"uv": [1, 1, 2, 2], "rotation": 270, "texture": "#2"},
				"east": {"uv": [0, 0, 2, 0], "rotation": 90, "texture": "#missing"},
				"south": {"uv": [2, 1, 1, 2], "rotation": 90, "texture": "#2"},
				"west": {"uv": [0, 0, 2, 0], "rotation": 90, "texture": "#missing"},
				"up": {"uv": [0, 0, 0, 1], "rotation": 90, "texture": "#missing"},
				"down": {"uv": [0, 0, 0, 1], "rotation": 90, "texture": "#missing"}
			}
		}
	],
	"groups": [
		0,
		1,
		{
			"name": "group",
			"origin": [0, 18, 7],
			"color": 0,
			"shade": false,
			"children": [2, 3]
		},
		{
			"name": "group",
			"origin": [0, 18, 7],
			"color": 0,
			"shade": false,
			"children": [4, 5]
		}
	]
}