{
	"credit": "Made with Blockbench",
	"parent": "block/thin_block",
	"textures": {
		"3": "block/grass_block_top",
		"5": "block/moss_grass_inv",
		"particle": "block/dirt",
		"bottom": "block/dirt",
		"side": "block/grass_block_side",
		"overlay": "block/grass_block_side_overlay"
	},
	"elements": [
		{
			"from": [0, 0, 0],
			"to": [16, 16, 16],
			"faces": {
				"north": {"uv": [0, 0, 16, 16], "texture": "#side", "cullface": "north"},
				"east": {"uv": [0, 0, 16, 16], "texture": "#side", "cullface": "east"},
				"south": {"uv": [0, 0, 16, 16], "texture": "#side", "cullface": "south"},
				"west": {"uv": [0, 0, 16, 16], "texture": "#side", "cullface": "west"},
				"up": {"uv": [0, 0, 16, 16], "texture": "#3", "cullface": "up", "tintindex": 0},
				"down": {"uv": [0, 0, 16, 16], "texture": "#bottom", "cullface": "down"}
			}
		},
		{
			"from": [0, 0, 0],
			"to": [16, 16, 16],
			"faces": {
				"north": {"uv": [0, 0, 16, 16], "texture": "#overlay", "cullface": "north", "tintindex": 0},
				"east": {"uv": [0, 0, 16, 16], "texture": "#overlay", "cullface": "east", "tintindex": 0},
				"south": {"uv": [0, 0, 16, 16], "texture": "#overlay", "cullface": "south", "tintindex": 0},
				"west": {"uv": [0, 0, 16, 16], "texture": "#overlay", "cullface": "west", "tintindex": 0}
			}
		},
		{
			"from": [0, 16, 0],
			"to": [16, 17, 16],
			"rotation": {"angle": 0, "axis": "y", "origin": [0, 16, 0]},
			"faces": {
				"north": {"uv": [0, 15, 16, 16], "texture": "#5", "cullface": "up", "tintindex": 0},
				"east": {"uv": [0, 15, 16, 16], "texture": "#5", "cullface": "up", "tintindex": 0},
				"south": {"uv": [0, 15, 16, 16], "texture": "#5", "cullface": "up", "tintindex": 0},
				"west": {"uv": [0, 15, 16, 16], "texture": "#5", "cullface": "up", "tintindex": 0},
				"up": {"uv": [0, 0, 16, 16], "texture": "#5", "cullface": "up", "tintindex": 0},
				"down": {"uv": [0, 0, 16, 16], "texture": "#5", "cullface": "up", "tintindex": 0}
			}
		}
	],
	"groups": [
		0,
		1,
		{
			"name": "carpet",
			"origin": [8, 8, 8],
			"color": 0,
			"children": [2]
		}
	]
}