{
	"credit": "Made with Blockbench",
	"ambientocclusion": false,
	"textures": {
		"0": "block/lily_pad_base2",
		"1": "block/lily_pad_side",
		"particle": "block/lily_pad_base0"
	},
	"elements": [
		{
			"from": [0, 0.25, 0],
			"to": [16, 0.25, 16],
			"shade": false,
			"faces": {
				"up": {"uv": [16, 0, 0, 16], "texture": "#0"},
				"down": {"uv": [16, 16, 0, 0], "texture": "#0"}
			}
		},
		{
			"from": [4, 0.251, 7.999],
			"to": [7, 1.251, 7.999],
			"shade": false,
			"rotation": {"angle": 0, "axis": "y", "origin": [15, 0.251, 15.999]},
			"faces": {
				"north": {"uv": [3, 4, 6, 5], "texture": "#1"},
				"east": {"uv": [0, 0, 0, 2], "texture": "#missing"},
				"south": {"uv": [3, 4, 6, 5], "texture": "#1"},
				"west": {"uv": [0, 0, 0, 2], "texture": "#missing"},
				"up": {"uv": [0, 0, 3, 0], "texture": "#missing"},
				"down": {"uv": [0, 0, 3, 0], "texture": "#missing"}
			}
		},
		{
			"from": [3, 0.251, 8.999],
			"to": [3, 1.251, 11.999],
			"shade": false,
			"rotation": {"angle": 0, "axis": "y", "origin": [15, 0.251, 15.999]},
			"faces": {
				"north": {"uv": [0, 0, 0, 2], "texture": "#missing"},
				"east": {"uv": [4, 1, 7, 2], "texture": "#1"},
				"south": {"uv": [0, 0, 0, 2], "texture": "#missing"},
				"west": {"uv": [4, 1, 7, 2], "texture": "#1"},
				"up": {"uv": [0, 0, 3, 0], "rotation": 90, "texture": "#missing"},
				"down": {"uv": [0, 0, 3, 0], "rotation": 270, "texture": "#missing"}
			}
		},
		{
			"from": [8, 0.251, 8.999],
			"to": [8, 1.251, 11.999],
			"shade": false,
			"rotation": {"angle": 0, "axis": "y", "origin": [15, 0.251, 15.999]},
			"faces": {
				"north": {"uv": [0, 0, 0, 2], "texture": "#missing"},
				"east": {"uv": [0, 0, 3, 1], "texture": "#1"},
				"south": {"uv": [0, 0, 0, 2], "texture": "#missing"},
				"west": {"uv": [0, 0, 3, 1], "texture": "#1"},
				"up": {"uv": [0, 0, 3, 0], "rotation": 90, "texture": "#missing"},
				"down": {"uv": [0, 0, 3, 0], "rotation": 270, "texture": "#missing"}
			}
		},
		{
			"from": [7, 0.251, 11.999],
			"to": [7, 1.251, 12.999],
			"shade": false,
			"rotation": {"angle": 0, "axis": "y", "origin": [15, 0.251, 15.999]},
			"faces": {
				"north": {"uv": [0, 0, 0, 2], "texture": "#missing"},
				"east": {"uv": [0, 0, 1, 1], "texture": "#1"},
				"south": {"uv": [0, 0, 0, 2], "texture": "#missing"},
				"west": {"uv": [0, 0, 1, 1], "texture": "#1"},
				"up": {"uv": [0, 0, 1, 0], "rotation": 90, "texture": "#missing"},
				"down": {"uv": [0, 0, 1, 0], "rotation": 270, "texture": "#missing"}
			}
		},
		{
			"from": [4, 0.251, 11.999],
			"to": [4, 1.251, 12.999],
			"shade": false,
			"rotation": {"angle": 0, "axis": "y", "origin": [15, 0.251, 15.999]},
			"faces": {
				"north": {"uv": [0, 0, 0, 2], "texture": "#missing"},
				"east": {"uv": [2, 3, 3, 4], "texture": "#1"},
				"south": {"uv": [0, 0, 0, 2], "texture": "#missing"},
				"west": {"uv": [2, 3, 3, 4], "texture": "#1"},
				"up": {"uv": [0, 0, 1, 0], "rotation": 90, "texture": "#missing"},
				"down": {"uv": [0, 0, 1, 0], "rotation": 270, "texture": "#missing"}
			}
		},
		{
			"from": [4, 0.251, 7.999],
			"to": [4, 1.251, 8.999],
			"shade": false,
			"rotation": {"angle": 0, "axis": "y", "origin": [15, 0.251, 15.999]},
			"faces": {
				"north": {"uv": [0, 0, 0, 2], "texture": "#missing"},
				"east": {"uv": [4, 4, 5, 5], "texture": "#1"},
				"south": {"uv": [0, 0, 0, 2], "texture": "#missing"},
				"west": {"uv": [4, 4, 5, 5], "texture": "#1"},
				"up": {"uv": [0, 0, 1, 0], "rotation": 90, "texture": "#missing"},
				"down": {"uv": [0, 0, 1, 0], "rotation": 270, "texture": "#missing"}
			}
		},
		{
			"from": [7, 0.251, 7.999],
			"to": [7, 1.251, 8.999],
			"shade": false,
			"rotation": {"angle": 0, "axis": "y", "origin": [15, 0.251, 15.999]},
			"faces": {
				"north": {"uv": [0, 0, 0, 2], "texture": "#missing"},
				"east": {"uv": [2, 3, 3, 4], "texture": "#1"},
				"south": {"uv": [0, 0, 0, 2], "texture": "#missing"},
				"west": {"uv": [2, 3, 3, 4], "texture": "#1"},
				"up": {"uv": [0, 0, 1, 0], "rotation": 90, "texture": "#missing"},
				"down": {"uv": [0, 0, 1, 0], "rotation": 270, "texture": "#missing"}
			}
		},
		{
			"from": [4, 0.251, 12.999],
			"to": [7, 1.251, 12.999],
			"shade": false,
			"rotation": {"angle": 0, "axis": "y", "origin": [15, 0.251, 15.999]},
			"faces": {
				"north": {"uv": [0, 0, 3, 1], "texture": "#1"},
				"east": {"uv": [0, 0, 0, 2], "texture": "#missing"},
				"south": {"uv": [0, 0, 3, 1], "texture": "#1"},
				"west": {"uv": [0, 0, 0, 2], "texture": "#missing"},
				"up": {"uv": [0, 0, 3, 0], "texture": "#missing"},
				"down": {"uv": [0, 0, 3, 0], "texture": "#missing"}
			}
		},
		{
			"from": [3, 0.251, 11.999],
			"to": [4, 1.251, 11.999],
			"shade": false,
			"rotation": {"angle": 0, "axis": "y", "origin": [15, 0.251, 15.999]},
			"faces": {
				"north": {"uv": [4, 4, 5, 5], "texture": "#1"},
				"east": {"uv": [0, 0, 0, 2], "texture": "#missing"},
				"south": {"uv": [4, 4, 5, 5], "texture": "#1"},
				"west": {"uv": [0, 0, 0, 2], "texture": "#missing"},
				"up": {"uv": [0, 0, 1, 0], "texture": "#missing"},
				"down": {"uv": [0, 0, 1, 0], "texture": "#missing"}
			}
		},
		{
			"from": [3, 0.251, 8.999],
			"to": [4, 1.251, 8.999],
			"shade": false,
			"rotation": {"angle": 0, "axis": "y", "origin": [15, 0.251, 15.999]},
			"faces": {
				"north": {"uv": [4, 4, 5, 5], "texture": "#1"},
				"east": {"uv": [0, 0, 0, 2], "texture": "#missing"},
				"south": {"uv": [4, 4, 5, 5], "texture": "#1"},
				"west": {"uv": [0, 0, 0, 2], "texture": "#missing"},
				"up": {"uv": [0, 0, 1, 0], "texture": "#missing"},
				"down": {"uv": [0, 0, 1, 0], "texture": "#missing"}
			}
		},
		{
			"from": [7, 0.251, 8.999],
			"to": [8, 1.251, 8.999],
			"shade": false,
			"rotation": {"angle": 0, "axis": "y", "origin": [15, 0.251, 15.999]},
			"faces": {
				"north": {"uv": [4, 4, 5, 5], "texture": "#1"},
				"east": {"uv": [0, 0, 0, 2], "texture": "#missing"},
				"south": {"uv": [4, 4, 5, 5], "texture": "#1"},
				"west": {"uv": [0, 0, 0, 2], "texture": "#missing"},
				"up": {"uv": [0, 0, 1, 0], "texture": "#missing"},
				"down": {"uv": [0, 0, 1, 0], "texture": "#missing"}
			}
		},
		{
			"from": [7, 0.251, 11.999],
			"to": [8, 1.251, 11.999],
			"shade": false,
			"rotation": {"angle": 0, "axis": "y", "origin": [15, 0.251, 15.999]},
			"faces": {
				"north": {"uv": [3, 3, 4, 4], "texture": "#1"},
				"east": {"uv": [0, 0, 0, 2], "texture": "#missing"},
				"south": {"uv": [3, 3, 4, 4], "texture": "#1"},
				"west": {"uv": [0, 0, 0, 2], "texture": "#missing"},
				"up": {"uv": [0, 0, 1, 0], "texture": "#missing"},
				"down": {"uv": [0, 0, 1, 0], "texture": "#missing"}
			}
		}
	]
}