{
	"credit": "Made with Blockbench",
	"ambientocclusion": false,
	"textures": {
		"0": "block/pale_hanging_moss_tip",
		"particle": "block/pale_hanging_moss_tip"
	},
	"elements": [
		{
			"from": [0.8, 0, 8],
			"to": [15.2, 16, 8],
			"shade": false,
			"rotation": {"angle": 45, "axis": "y", "origin": [8, 8, 8], "rescale": true},
			"faces": {
				"north": {"uv": [0, 0, 16, 16], "texture": "#0"},
				"south": {"uv": [0, 0, 16, 16], "texture": "#0"}
			}
		},
		{
			"from": [0.00008, -5.00134, 0.78224],
			"to": [0.00008, 10.99866, 15.18224],
			"shade": false,
			"rotation": {"angle": -45, "axis": "z", "origin": [0.00008, 2.99866, 10.98224], "rescale": true},
			"faces": {
				"east": {"uv": [0, 0, 16, 16], "texture": "#0"},
				"west": {"uv": [0, 0, 16, 16], "texture": "#0"}
			}
		},
		{
			"from": [15.99993, -5.00134, 0.78224],
			"to": [15.99993, 10.99866, 15.18224],
			"shade": false,
			"rotation": {"angle": 45, "axis": "z", "origin": [15.99993, 2.99866, 10.98224], "rescale": true},
			"faces": {
				"east": {"uv": [0, 0, 16, 16], "texture": "#0"},
				"west": {"uv": [0, 0, 16, 16], "texture": "#0"}
			}
		},
		{
			"from": [0.78224, -5.00051, -0.00051],
			"to": [15.18224, 10.99949, -0.00051],
			"shade": false,
			"rotation": {"angle": 45, "axis": "x", "origin": [10.98224, 2.99949, -0.00051], "rescale": true},
			"faces": {
				"north": {"uv": [0, 0, 16, 16], "texture": "#0"},
				"south": {"uv": [0, 0, 16, 16], "texture": "#0"}
			}
		},
		{
			"from": [0.78224, -5.00051, 15.99934],
			"to": [15.18224, 10.99949, 15.99934],
			"shade": false,
			"rotation": {"angle": -45, "axis": "x", "origin": [10.98224, 2.99949, 15.99934], "rescale": true},
			"faces": {
				"north": {"uv": [0, 0, 16, 16], "texture": "#0"},
				"south": {"uv": [0, 0, 16, 16], "texture": "#0"}
			}
		},
		{
			"from": [8, 0, 0.8],
			"to": [8, 16, 15.2],
			"shade": false,
			"rotation": {"angle": 45, "axis": "y", "origin": [8, 8, 8], "rescale": true},
			"faces": {
				"east": {"uv": [0, 0, 16, 16], "texture": "#0"},
				"west": {"uv": [0, 0, 16, 16], "texture": "#0"}
			}
		}
	]
}