{
	"credit": "Made with Blockbench",
	"ambientocclusion": false,
	"textures": {
		"0": "block/sand_rock0",
		"1": "block/sand",
		"particle": "block/sand"
	},
	"elements": [
		{
			"from": [0, 0, 0],
			"to": [16, 16, 16],
			"faces": {
				"north": {"uv": [0, 0, 16, 16], "texture": "#1", "cullface": "north"},
				"east": {"uv": [0, 0, 16, 16], "texture": "#1", "cullface": "east"},
				"south": {"uv": [0, 0, 16, 16], "texture": "#1", "cullface": "south"},
				"west": {"uv": [0, 0, 16, 16], "texture": "#1", "cullface": "west"},
				"up": {"uv": [0, 0, 16, 16], "texture": "#1", "cullface": "up"},
				"down": {"uv": [0, 0, 16, 16], "texture": "#1", "cullface": "down"}
			}
		},
		{
			"from": [8, 16, 1],
			"to": [8, 21, 15],
			"shade": false,
			"rotation": {"angle": 0, "axis": "y", "origin": [8, 22, 8]},
			"faces": {
				"north": {"uv": [0, 0, 0, 5], "texture": "#missing"},
				"east": {"uv": [1, 11, 15, 16], "texture": "#0", "cullface": "up"},
				"south": {"uv": [0, 0, 0, 5], "texture": "#missing"},
				"west": {"uv": [1, 11, 15, 16], "texture": "#0", "cullface": "up"},
				"up": {"uv": [0, 0, 0, 14], "texture": "#missing"},
				"down": {"uv": [0, 0, 0, 14], "texture": "#missing"}
			}
		},
		{
			"from": [8, 21, 2],
			"to": [8, 24, 14],
			"shade": false,
			"rotation": {"angle": 0, "axis": "y", "origin": [8, 22, 8]},
			"faces": {
				"north": {"uv": [0, 0, 0, 5], "texture": "#missing"},
				"east": {"uv": [2, 8, 14, 11], "texture": "#0", "cullface": "up"},
				"south": {"uv": [0, 0, 0, 5], "texture": "#missing"},
				"west": {"uv": [2, 8, 14, 11], "texture": "#0", "cullface": "up"},
				"up": {"uv": [0, 0, 0, 14], "texture": "#missing"},
				"down": {"uv": [0, 0, 0, 14], "texture": "#missing"}
			}
		},
		{
			"from": [8, 24, 3],
			"to": [8, 25, 13],
			"shade": false,
			"rotation": {"angle": 0, "axis": "y", "origin": [8, 22, 8]},
			"faces": {
				"north": {"uv": [0, 0, 0, 5], "texture": "#missing"},
				"east": {"uv": [3, 8, 13, 7], "texture": "#0", "cullface": "up"},
				"south": {"uv": [0, 0, 0, 5], "texture": "#missing"},
				"west": {"uv": [3, 7, 13, 8], "texture": "#0", "cullface": "up"},
				"up": {"uv": [0, 0, 0, 14], "texture": "#missing"},
				"down": {"uv": [0, 0, 0, 14], "texture": "#missing"}
			}
		},
		{
			"from": [8, 25, 5],
			"to": [8, 26, 11],
			"shade": false,
			"rotation": {"angle": 0, "axis": "y", "origin": [8, 22, 8]},
			"faces": {
				"north": {"uv": [0, 0, 0, 5], "texture": "#missing"},
				"east": {"uv": [5, 6, 11, 7], "texture": "#0", "cullface": "up"},
				"south": {"uv": [0, 0, 0, 5], "texture": "#missing"},
				"west": {"uv": [5, 6, 11, 7], "texture": "#0", "cullface": "up"},
				"up": {"uv": [0, 0, 0, 14], "texture": "#missing"},
				"down": {"uv": [0, 0, 0, 14], "texture": "#missing"}
			}
		},
		{
			"from": [1, 16, 8],
			"to": [15, 21, 8],
			"shade": false,
			"rotation": {"angle": 0, "axis": "y", "origin": [8, 22, 8]},
			"faces": {
				"north": {"uv": [1, 11, 15, 16], "texture": "#0", "cullface": "up"},
				"east": {"uv": [0, 0, 0, 5], "texture": "#missing"},
				"south": {"uv": [1, 11, 15, 16], "texture": "#0", "cullface": "up"},
				"west": {"uv": [0, 0, 0, 5], "texture": "#missing"},
				"up": {"uv": [0, 0, 0, 14], "rotation": 90, "texture": "#missing"},
				"down": {"uv": [0, 0, 0, 14], "rotation": 270, "texture": "#missing"}
			}
		},
		{
			"from": [2, 21, 8],
			"to": [14, 24, 8],
			"shade": false,
			"rotation": {"angle": 0, "axis": "y", "origin": [8, 22, 8]},
			"faces": {
				"north": {"uv": [2, 8, 14, 11], "texture": "#0", "cullface": "up"},
				"east": {"uv": [0, 0, 0, 5], "texture": "#missing"},
				"south": {"uv": [2, 8, 14, 11], "texture": "#0", "cullface": "up"},
				"west": {"uv": [0, 0, 0, 5], "texture": "#missing"},
				"up": {"uv": [0, 0, 0, 14], "rotation": 90, "texture": "#missing"},
				"down": {"uv": [0, 0, 0, 14], "rotation": 270, "texture": "#missing"}
			}
		},
		{
			"from": [3, 24, 8],
			"to": [13, 25, 8],
			"shade": false,
			"rotation": {"angle": 0, "axis": "y", "origin": [8, 22, 8]},
			"faces": {
				"north": {"uv": [3, 7, 13, 8], "texture": "#0", "cullface": "up"},
				"east": {"uv": [0, 0, 0, 5], "texture": "#missing"},
				"south": {"uv": [3, 7, 13, 8], "texture": "#0", "cullface": "up"},
				"west": {"uv": [0, 0, 0, 5], "texture": "#missing"},
				"up": {"uv": [0, 0, 0, 14], "rotation": 90, "texture": "#missing"},
				"down": {"uv": [0, 0, 0, 14], "rotation": 270, "texture": "#missing"}
			}
		},
		{
			"from": [5, 25, 8],
			"to": [11, 26, 8],
			"shade": false,
			"rotation": {"angle": 0, "axis": "y", "origin": [8, 22, 8]},
			"faces": {
				"north": {"uv": [4, 8, 10, 9], "texture": "#0", "cullface": "up"},
				"east": {"uv": [0, 0, 0, 5], "texture": "#missing"},
				"south": {"uv": [5, 6, 11, 7], "texture": "#0", "cullface": "up"},
				"west": {"uv": [0, 0, 0, 5], "texture": "#missing"},
				"up": {"uv": [0, 0, 0, 14], "rotation": 90, "texture": "#missing"},
				"down": {"uv": [0, 0, 0, 14], "rotation": 270, "texture": "#missing"}
			}
		}
	]
}