{
	"credit": "Made with Blockbench",
	"textures": {
		"2": "block/sculk",
		"particle": "block/sculk"
	},
	"elements": [
		{
			"from": [0, 0, 0],
			"to": [16, 16, 16],
			"faces": {
				"north": {"uv": [0, 0, 16, 16], "texture": "#2", "cullface": "north"},
				"east": {"uv": [0, 0, 16, 16], "texture": "#2", "cullface": "east"},
				"south": {"uv": [0, 0, 16, 16], "texture": "#2", "cullface": "south"},
				"west": {"uv": [0, 0, 16, 16], "texture": "#2", "cullface": "west"},
				"up": {"uv": [0, 0, 16, 16], "texture": "#2", "cullface": "up"},
				"down": {"uv": [0, 0, 16, 16], "texture": "#2", "cullface": "down"}
			}
		}
	],
      "display": {
		"thirdperson_righthand": {
			"scale": [0.3, 0.3, 0.3]
		},
		"thirdperson_lefthand": {
			"scale": [0.3, 0.3, 0.3]
		},
		"firstperson_righthand": {
			"scale": [0.3, 0.3, 0.2]
		},
		"firstperson_lefthand": {
			"scale": [0.3, 0.3, 0.2]
		},
		"ground": {
			"scale": [0.2, 0.2, 0.2]
		},
		"gui": {
			"rotation": [40, -45, 0],
			"scale": [0.6, 0.6, 0.6]
		},
		"fixed": {
			"scale": [0.6, 0.6, 0.6]
		}
	}
}