{
	"credit": "Made with Blockbench",
	"ambientocclusion": false,
	"textures": {
		"0": "block/short_grass_base",
		"1": "block/inv_short_grass_base",
		"particle": "block/short_grass_base"
	},
	"elements": [
		{
			"from": [-0.2, 0, 8.4],
			"to": [15.8, 32, 8.4],
			"shade": false,
			"rotation": {"angle": 45, "axis": "y", "origin": [7, 8, 8], "rescale": true},
			"faces": {
				"north": {"uv": [0, 0, 8, 16], "texture": "#0", "tintindex": 0},
				"south": {"uv": [0, 0, 8, 16], "texture": "#0", "tintindex": 0}
			}
		},
		{
			"from": [-0.2, 0, 8.4],
			"to": [15.8, 32, 8.4],
			"shade": false,
			"rotation": {"angle": 45, "axis": "y", "origin": [7, 8, 8], "rescale": true},
			"faces": {
				"north": {"uv": [0, 0, 8, 16], "texture": "#1"},
				"south": {"uv": [0, 0, 8, 16], "texture": "#1"}
			}
		},
		{
			"from": [7.4, 0, -0.2],
			"to": [7.4, 32, 15.8],
			"shade": false,
			"rotation": {"angle": 45, "axis": "y", "origin": [7, 8, 7], "rescale": true},
			"faces": {
				"east": {"uv": [0, 0, 8, 16], "texture": "#0", "tintindex": 0},
				"west": {"uv": [0, 0, 8, 16], "texture": "#0", "tintindex": 0}
			}
		},
		{
			"from": [7.4, 0, -0.2],
			"to": [7.4, 32, 15.8],
			"shade": false,
			"rotation": {"angle": 45, "axis": "y", "origin": [7, 8, 7], "rescale": true},
			"faces": {
				"east": {"uv": [0, 0, 8, 16], "texture": "#1"},
				"west": {"uv": [0, 0, 8, 16], "texture": "#1"}
			}
		}
	]
}